Temperature (Celsius),Time (10/17/24)
24.940000,3:43 PM
24.940000,3:43 PM
24.940000,3:43 PM
24.930000,3:43 PM
24.910000,3:43 PM
24.900000,3:43 PM
24.880000,3:43 PM
24.870000,3:43 PM
24.860000,3:43 PM
24.850000,3:43 PM
24.830000,3:44 PM
